{
  "total_requests": 13435,
  "passed": 13435,
  "failed": 0,
  "pass_rate": 1.0,
  "fail_rate": 0.0,
  "throughput": 42.898542335101,
  "mean_latency": 2.9626765498717478,
  "p50_latency": 2.9908218383789062,
  "p99_latency": 6.2412673854827885,
  "average_perplexity": 1.2025589506496823
}