{
  "total_requests": 13435,
  "passed": 13435,
  "failed": 0,
  "pass_rate": 1.0,
  "fail_rate": 0.0,
  "throughput": 44.96279728872098,
  "mean_latency": 2.8272057510194255,
  "p50_latency": 2.8425991535186768,
  "p99_latency": 5.955512804985046,
  "average_perplexity": 1.2024888757054675
}